,title,price,url
0,Vintage Laredo Brown and Williamson Filter Cigarette Maker,$19,https://topeka.craigslist.org/for/d/topeka-vintage-laredo-brown-and/7667955042.html
1,Thomas Pacconi Classics Revolving 4 Bottle Caddy Wine Storage Display,$25,https://topeka.craigslist.org/for/d/topeka-thomas-pacconi-classics/7667955562.html
2,Step 2 Wagon,$30,https://topeka.craigslist.org/for/d/topeka-step-wagon/7667959404.html
3,Large Grill for a Crowd,$50,https://topeka.craigslist.org/for/d/topeka-large-grill-for-crowd/7671110977.html
4,Lowe Pontoon 22‚Äô Jamaica 220,"$10,500",https://topeka.craigslist.org/for/d/topeka-lowe-pontoon-22-jamaica-220/7671065595.html
5,4 Cemetery Spaces at Penwell Gabel Cemetery,"$2,100",https://topeka.craigslist.org/for/d/topeka-cemetery-spaces-at-penwell-gabel/7660455531.html
6,Beautiful inlay wood Top,$35,https://topeka.craigslist.org/for/d/topeka-beautiful-inlay-wood-top/7671022922.html
7,SKELETON COW,$80,https://topeka.craigslist.org/for/d/topeka-skeleton-cow/7661880748.html
8,Used Pride Jazzy Elite HD,"$1,000",https://topeka.craigslist.org/for/d/topeka-used-pride-jazzy-elite-hd/7670980761.html
9,Service dog mobility harness,$50,https://topeka.craigslist.org/for/d/topeka-service-dog-mobility-harness/7670949283.html
10,Jazzy Select Elite mobile chair,"$1,000",https://topeka.craigslist.org/for/d/topeka-jazzy-select-elite-mobile-chair/7668421884.html
11,Stainless steel Protractor,$10,https://topeka.craigslist.org/for/d/topeka-stainless-steel-protractor/7670879494.html
12,Ikea Stainless steel Wine Rack,$10,https://topeka.craigslist.org/for/d/topeka-ikea-stainless-steel-wine-rack/7670102801.html
13,1/3 HP Electric motor,$30,https://topeka.craigslist.org/for/d/eskridge-3-hp-electric-motor/7670862066.html
14,"1 1/4"" & 2"" Conduit Coupling",$0,https://topeka.craigslist.org/for/d/eskridge-conduit-coupling/7670862029.html
15,Clean metal barrels,$20,https://topeka.craigslist.org/for/d/tecumseh-clean-metal-barrels/7663370376.html
16,Camping seasoned firewood,$1,https://topeka.craigslist.org/for/d/holton-camping-seasoned-firewood/7670809968.html
17,4‚Äô9‚ÄùX10 Tilt Utility Trailer,$800,https://topeka.craigslist.org/for/d/berryton-49x10-tilt-utility-trailer/7670803697.html
18,e300s razor scooter OR Bladez xtr,$1,https://topeka.craigslist.org/for/d/topeka-e300s-razor-scooter-or-bladez-xtr/7665456632.html
19,"Garden supplies:watering wand,cultivator,trowel,power nozzle,water can",$15,https://topeka.craigslist.org/for/d/lawrence-garden-supplieswatering/7662354882.html
20,55 Gal Fish Tank,$90,https://topeka.craigslist.org/for/d/harveyville-55-gal-fish-tank/7670705939.html
21,GE - 5.0 Cu. Ft. Freestanding Electric Range - White,$400,https://topeka.craigslist.org/for/d/topeka-ge-50-cu-ft-freestanding/7663967431.html
22,Washing Machine & Dryer Set,"$1,200",https://topeka.craigslist.org/for/d/topeka-washing-machine-dryer-set/7662612643.html
23,GE stove new,"$1,100",https://topeka.craigslist.org/for/d/topeka-ge-stove-new/7662616988.html
24,15-Can Mini Cooler,$45,https://topeka.craigslist.org/for/d/topeka-15-can-mini-cooler/7660210349.html
25,"SmartCat Cat Climber, 80; H",$80,https://topeka.craigslist.org/for/d/topeka-smartcat-cat-climber-80/7660274445.html
26,36 in. 28 cu. ft. Smart Side by Side Refrigerator,$950,https://topeka.craigslist.org/for/d/topeka-36-in-28-cu-ft-smart-side-by/7660921997.html
27,new washer dryer set,"$1,200",https://topeka.craigslist.org/for/d/topeka-new-washer-dryer-set/7660927861.html
28,"10""-12"" Pizza Delivery Backpack Bag",$65,https://topeka.craigslist.org/for/d/topeka-pizza-delivery-backpack-bag/7668898534.html
29,Propane bottle,$50,https://topeka.craigslist.org/for/d/topeka-propane-bottle/7666503734.html
30,Propane Bottle,$50,https://topeka.craigslist.org/for/d/topeka-propane-bottle/7665714608.html
31,Commode,$5,https://topeka.craigslist.org/for/d/topeka-commode/7661613537.html
32,Sewing Table,$65,https://topeka.craigslist.org/for/d/topeka-sewing-table/7670569960.html
33,Outback 3 bike hitch mount carrier,$15,https://topeka.craigslist.org/for/d/topeka-outback-bike-hitch-mount-carrier/7669366154.html
34,Bat House for your Yard,$20,https://topeka.craigslist.org/for/d/topeka-bat-house-for-your-yard/7666971018.html
35,TINY HOUSE TRAILER PROFESSIONALLY BUILT W/ KITCHEN BATH LAUNDRY,"$45,450",https://topeka.craigslist.org/fod/d/tiny-house-trailer-professionally-built/7670502228.html
36,Cash for Vintage Vacuum Tubes Radio Tubes Speakers,$0,https://topeka.craigslist.org/for/d/topeka-cash-for-vintage-vacuum-tubes/7662251598.html
37,"Pole Barns,Shops,Man Caves","$31,000",https://topeka.craigslist.org/fod/d/wakarusa-pole-barnsshopsman-caves/7670205103.html
38,Storage Shipping Containers For Sale. GIVE USA CONTAINERS A CALL TODAY!,$0,https://topeka.craigslist.org/fod/d/topeka-storage-shipping-containers-for/7670161176.html
39,Sony mini home speaker pair,$20,https://topeka.craigslist.org/for/d/topeka-sony-mini-home-speaker-pair/7669140149.html
40,Japan Doll for Decorating,$10,https://topeka.craigslist.org/for/d/topeka-japan-doll-for-decorating/7667587584.html
41,"18' New 3/4"" Liquidtight Conduit & Cement",$20,https://topeka.craigslist.org/for/d/topeka-18-new-4-liquidtight-conduit/7667161721.html
42,Clear Cassette Cases,$1,https://topeka.craigslist.org/for/d/topeka-clear-cassette-cases/7670037713.html
43,"2023 SRT-XDe 61"" Kawasaki FT730- Carb Spartan Zero Turn Mower","$11,419",https://topeka.craigslist.org/fod/d/wakarusa-2023-srt-xde-61-kawasaki-ft730/7669880108.html
44,2023 RT HD Spartan Zero Turn Mowers,"$10,619",https://topeka.craigslist.org/fod/d/wakarusa-2023-rt-hd-spartan-zero-turn/7669864660.html
45,KU RUG  5 X 7 BRAND NEW NEVER OPENED,$75,https://topeka.craigslist.org/for/d/topeka-ku-rug-x-brand-new-never-opened/7665487566.html
46,"2023 RZ 61"" Kawasaki Spartan Zero Turn Mowers","$6,189",https://topeka.craigslist.org/fod/d/wakarusa-2023-rz-61-kawasaki-spartan/7669854937.html
47,"2023 RT Pro 61"" Kawasaki Spartan Zero Turn Mowers","$9,839",https://topeka.craigslist.org/fod/d/wakarusa-2023-rt-pro-61-kawasaki/7669849475.html
48,"2023 RZ HD 54"" Briggs & Stratton & Kawasaki Spartan Zero Turn Mowers","$7,849",https://topeka.craigslist.org/fod/d/wakarusa-2023-rz-hd-54-briggs-stratton/7669830835.html
49,METAL BUILDINGS CARPORT RV COVER STEEL GARAGE POLE BARN METAL BUILDING,$0,https://topeka.craigslist.org/fod/d/topeka-metal-buildings-carport-rv-cover/7669830832.html
50,METAL BUILDINGS CARPORT RV COVER STEEL GARAGE POLE BARN METAL BUILDING,$0,https://topeka.craigslist.org/fod/d/topeka-metal-buildings-carport-rv-cover/7669830806.html
51,METAL BUILDINGS CARPORT RV COVER STEEL GARAGE POLE BARN METAL BUILDING,$0,https://topeka.craigslist.org/fod/d/topeka-metal-buildings-carport-rv-cover/7669830782.html
52,"2023 RZ HD 61"" Briggs & Stratton & Kawasaki Spartan Zero Turn Mowers","$8,119",https://topeka.craigslist.org/fod/d/wakarusa-2023-rz-hd-61-briggs-stratton/7669821397.html
53,Moveable Storage Units. Repurposed Desk Drawers,$225,https://topeka.craigslist.org/for/d/topeka-moveable-storage-units/7659038751.html
54,Yard Machines Snowblower,$250,https://topeka.craigslist.org/for/d/berryton-yard-machines-snowblower/7669737608.html
55,Electric twin-sized bed with remote,$250,https://topeka.craigslist.org/for/d/topeka-electric-twin-sized-bed-with/7669013644.html
56,The Club steering wheel lock,$20,https://topeka.craigslist.org/for/d/topeka-the-club-steering-wheel-lock/7668852271.html
57,Storage Shipping Containers For Sale. GIVE USA CONTAINERS A CALL TODAY!,$0,https://topeka.craigslist.org/fod/d/topeka-storage-shipping-containers-for/7669558844.html
58,Kittens looking their forever homes üè°,$5,https://topeka.craigslist.org/for/d/topeka-kittens-looking-their-forever/7669552697.html
59,Burn barrels,$15,https://topeka.craigslist.org/for/d/topeka-burn-barrels/7658817257.html
60,Two 9x7 garage doors 600,$600,https://topeka.craigslist.org/for/d/berryton-two-9x7-garage-doors-600/7669544365.html
61,TINY HOUSE kitchen bath & laundry selling to best offer by this week,"$62,000",https://topeka.craigslist.org/fod/d/tiny-house-kitchen-bath-laundry-selling/7669414605.html
62,Jason  Fixed Focus Binoculars,$15,https://topeka.craigslist.org/for/d/topeka-jason-fixed-focus-binoculars/7669404271.html
63,wood burning,$150,https://topeka.craigslist.org/for/d/topeka-wood-burning/7669319761.html
64,Practically Brand New Bartesian,$175,https://topeka.craigslist.org/for/d/topeka-practically-brand-new-bartesian/7669301822.html
65,built in coffee maker,$20,https://topeka.craigslist.org/for/d/bern-built-in-coffee-maker/7669291313.html
66,Simon Doonan GLAMOUR GHOST Halloween Costume Size Small New,$10,https://topeka.craigslist.org/for/d/topeka-simon-doonan-glamour-ghost/7658960097.html
67,Quick connect,$30,https://topeka.craigslist.org/for/d/topeka-quick-connect/7669182604.html
68,Riverview by Richard Calvo Print,$15,https://topeka.craigslist.org/for/d/topeka-riverview-by-richard-calvo-print/7659081079.html
69,Franklin Spelling Ace  including manual,$10,https://topeka.craigslist.org/for/d/topeka-franklin-spelling-ace-including/7667596764.html
70,Craftsman self-propelled push mower,$100,https://topeka.craigslist.org/for/d/berryton-craftsman-self-propelled-push/7663176503.html
71,Mr. Heater Propane Heater,$50,https://topeka.craigslist.org/for/d/berryton-mr-heater-propane-heater/7669077359.html
72,1 1/2 HP 1725 RPM GE Electric motor,$100,https://topeka.craigslist.org/for/d/eskridge-hp-1725-rpm-ge-electric-motor/7669060191.html
73,1/15 HP Electric Motor,$20,https://topeka.craigslist.org/for/d/eskridge-15-hp-electric-motor/7669060070.html
74,1/2 HP 1725 RPM G.E. Electric Motor,$40,https://topeka.craigslist.org/for/d/eskridge-2-hp-1725-rpm-ge-electric-motor/7669060025.html
75,3/4 HP 1750 RPM Delco Electric Motor,$30,https://topeka.craigslist.org/for/d/eskridge-4-hp-1750-rpm-delco-electric/7669059968.html
76,3 HP 3450 RPM Chicago Electric Motor,$60,https://topeka.craigslist.org/for/d/eskridge-hp-3450-rpm-chicago-electric/7669059806.html
77,2 HP 1750 RPM Westinghouse Electric Motor,$100,https://topeka.craigslist.org/for/d/eskridge-hp-1750-rpm-westinghouse/7669059660.html
78,2016 TOYOTA 4-RUNNER LIMITED,"$25,000",https://topeka.craigslist.org/for/d/topeka-2016-toyota-runner-limited/7659311457.html
79,ARTIFICIAL TURF 12x25,$175,https://topeka.craigslist.org/for/d/topeka-artificial-turf-12x25/7659315170.html
80,WEBER GENESIS 320 GAS GRILL,$200,https://topeka.craigslist.org/for/d/topeka-weber-genesis-320-gas-grill/7659314855.html
81,new 5x7 Safavieh Courtyard Bailey Chevron Indoor/Outdoor Area Rug,$50,https://topeka.craigslist.org/for/d/auburn-new-5x7-safavieh-courtyard/7658755912.html
82,WASHER /DRYER SET,$900,https://topeka.craigslist.org/for/d/topeka-washer-dryer-set/7659814105.html
83,robotic pool cleaner,$0,https://topeka.craigslist.org/for/d/topeka-robotic-pool-cleaner/7668890405.html
84,Pet Kennels Various Sizes And Prices,$0,https://topeka.craigslist.org/for/d/topeka-pet-kennels-various-sizes-and/7659386677.html
85,house,"$450,000",https://topeka.craigslist.org/for/d/topeka-house/7668603656.html
86,Type 2 Shipping Containers,$25,https://topeka.craigslist.org/for/d/type-shipping-containers/7668440022.html
87,Metal barrels,$20,https://topeka.craigslist.org/for/d/topeka-metal-barrels/7663545422.html
88,SHIPPING CONTAINER SHIPPING CONTAINERS SHED CONEX STORAGE CONTAINER CO,$0,https://topeka.craigslist.org/fod/d/topeka-shipping-container-shipping/7668384554.html
89,‚òÖ SALE ‚òÖ SHIPPING/STORAGE/CONNEX CONTAINERS ‚Äì 20FT & 40FT NEW &,"$1,850",https://topeka.craigslist.org/fod/d/sale-shipping-storage-connex-containers/7668367175.html
90,Rv Hitch and starter setup,$750,https://topeka.craigslist.org/for/d/topeka-rv-hitch-and-starter-setup/7666632004.html
91,heavy duty car trailer,"$1,000",https://topeka.craigslist.org/for/d/topeka-heavy-duty-car-trailer/7668304411.html
92,Pool Pump,$5,https://topeka.craigslist.org/for/d/tecumseh-pool-pump/7665714658.html
93,Ceiling Fans,$25,https://topeka.craigslist.org/for/d/tecumseh-ceiling-fans/7665717077.html
94,Tile,$30,https://topeka.craigslist.org/for/d/tecumseh-tile/7665718110.html
95,Chairs,$10,https://topeka.craigslist.org/for/d/tecumseh-chairs/7665719102.html
96,Steamers,$20,https://topeka.craigslist.org/for/d/tecumseh-steamers/7665720211.html
97,Viewlex Projector,$40,https://topeka.craigslist.org/for/d/tecumseh-viewlex-projector/7665723209.html
98,Christmas stuff,$20,https://topeka.craigslist.org/for/d/tecumseh-christmas-stuff/7665724806.html
99,Bed frame and Headboard,$40,https://topeka.craigslist.org/for/d/tecumseh-bed-frame-and-headboard/7668293322.html
100,2022 RZ HD Spartan Zero Turn Mower,"$7,849",https://topeka.craigslist.org/fod/d/wakarusa-2022-rz-hd-spartan-zero-turn/7668136297.html
101,Halloween Decorations,$50,https://topeka.craigslist.org/for/d/tecumseh-halloween-decorations/7668013193.html
102,Storage Shipping Containers For Sale. GIVE USA CONTAINERS A CALL TODAY!,$0,https://topeka.craigslist.org/fod/d/topeka-storage-shipping-containers-for/7667966022.html
103,Vintage Redman Brand Picnic Set (including colored aluminum party cups,$45,https://topeka.craigslist.org/for/d/topeka-vintage-redman-brand-picnic-set/7657487583.html
104,Mixed Hardwood Firewood,$120,https://topeka.craigslist.org/for/d/hartford-mixed-hardwood-firewood/7667854600.html
105,Hedge Firewood,$135,https://topeka.craigslist.org/for/d/hartford-hedge-firewood/7667855886.html
106,Todos los edificios de ACERO,$0,https://topeka.craigslist.org/fod/d/topeka-todos-los-edificios-de-acero/7667806673.html
107,floor matts rav4  2019/2023,$60,https://topeka.craigslist.org/for/d/topeka-floor-matts-rav/7657293215.html
108,Muscle Carts Rolling Seated Garden Stool,$60,https://topeka.craigslist.org/for/d/topeka-muscle-carts-rolling-seated/7657304196.html
109,Linville Industries Snow Pushers,"$1,400",https://topeka.craigslist.org/fod/d/port-clinton-linville-industries-snow/7667734384.html
110,Large Service Dog Vests,$40,https://topeka.craigslist.org/for/d/topeka-large-service-dog-vests/7667729495.html
111,"Pole Barns,Shops,Man Caves","$31,000",https://topeka.craigslist.org/fod/d/wakarusa-pole-barnsshopsman-caves/7667699393.html
112,"""REDUCED"" COLEMAN COOLER",$10,https://topeka.craigslist.org/for/d/topeka-reduced-coleman-cooler/7665080749.html
113,DRINK DISPENSERS,$10,https://topeka.craigslist.org/for/d/topeka-drink-dispensers/7665081137.html
114,Storage Shipping Containers For Sale. GIVE USA CONTAINERS A CALL TODAY!,$0,https://topeka.craigslist.org/fod/d/topeka-storage-shipping-containers-for/7667588322.html
115,2022 SRT-XDe Spartan Zero Turn Mower,"$11,149",https://topeka.craigslist.org/fod/d/wakarusa-2022-srt-xde-spartan-zero-turn/7667432690.html
116,2022 RZ Spartan Zero Turn Mower,"$5,599",https://topeka.craigslist.org/fod/d/wakarusa-2022-rz-spartan-zero-turn-mower/7667381259.html
117,ALL STEEL Buildings,$0,https://topeka.craigslist.org/fod/d/topeka-all-steel-buildings/7667369399.html
118,Tiny House For Sale,"$78,000",https://topeka.craigslist.org/for/d/cleveland-tiny-house-for-sale/7660699120.html
119,50 gallon tank and stand,$0,https://topeka.craigslist.org/for/d/topeka-50-gallon-tank-and-stand/7667190150.html
120,New and Used Containers / Shipping Container - 20' and 40',"$2,999",https://topeka.craigslist.org/fod/d/wakarusa-new-and-used-containers/7667175803.html
121,√∞¬°√∞¬°√∞¬°√∞¬°√∞¬° Custom Built Tiny Home for Sale√∞¬°√∞¬°√∞¬°√∞¬°√∞,"$45,450",https://topeka.craigslist.org/fod/d/custom-built-tiny-home-for-sale/7667082393.html
122,china cabinet,$35,https://topeka.craigslist.org/for/d/hoyt-china-cabinet/7664388840.html
123,Start Your Own Business/Grow Food! 16X20 All Inclusive Greenhouse-NEW!,"$3,525",https://topeka.craigslist.org/fod/d/ozark-start-your-own-business-grow-food/7667024575.html
124,Butterfly Kerosene Cook Stove,$200,https://topeka.craigslist.org/for/d/topeka-butterfly-kerosene-cook-stove/7666988824.html
125,Outdoor Gourmet individual 4 inch grill temperature gauge,$5,https://topeka.craigslist.org/for/d/carbondale-outdoor-gourmet-individual/7659281284.html
126,Storage Shipping Containers For Sale. GIVE USA CONTAINERS A CALL TODAY!,$0,https://topeka.craigslist.org/fod/d/topeka-storage-shipping-containers-for/7666911827.html
127,PIER ONE DUVET COVER SET,$5,https://topeka.craigslist.org/for/d/topeka-pier-one-duvet-cover-set/7656593576.html
128,Tractor Minneapolis Moline ZB with Loader,"$3,000",https://topeka.craigslist.org/for/d/kearney-tractor-minneapolis-moline-zb/7666894641.html
129,üè°üè°üè°CUSTOM TINY HOUSE ON WHEELS FULL KITCHEN BATHROOM & LAUNDR,"$66,650",https://topeka.craigslist.org/fod/d/custom-tiny-house-on-wheels-full/7666863504.html
130,bunn vrp black coffee maker,$150,https://topeka.craigslist.org/for/d/berryton-bunn-vrp-black-coffee-maker/7656636323.html
131,Pug,$0,https://topeka.craigslist.org/for/d/lyndon-pug/7662827818.html
132,small pet bed,$20,https://topeka.craigslist.org/for/d/topeka-small-pet-bed/7657243365.html
133,Simply Sides .... side dishes,$5,https://topeka.craigslist.org/for/d/topeka-simply-sides-side-dishes/7666685538.html
134,METAL BUILDINGS CARPORT RV COVER STEEL GARAGE POLE BARN METAL BUILDING,$0,https://topeka.craigslist.org/fod/d/topeka-metal-buildings-carport-rv-cover/7666422367.html
135,METAL BUILDINGS CARPORT RV COVER STEEL GARAGE POLE BARN METAL BUILDING,$0,https://topeka.craigslist.org/fod/d/topeka-metal-buildings-carport-rv-cover/7666420830.html
136,2022 RZ-C Spartan Zero Turn Mowers,"$5,559",https://topeka.craigslist.org/fod/d/wakarusa-2022-rz-spartan-zero-turn/7666414038.html
137,toyota sienna 2002 6 cylinder,"$3,200",https://topeka.craigslist.org/for/d/topeka-toyota-sienna-cylinder/7666407862.html
138,Edificios de acero,$0,https://topeka.craigslist.org/fod/d/topeka-edificios-de-acero/7666332053.html
139,Storage Shipping Containers For Sale. GIVE USA CONTAINERS A CALL TODAY!,$0,https://topeka.craigslist.org/fod/d/topeka-storage-shipping-containers-for/7666233225.html
140,Autumn Beauty Sale!,$0,https://topeka.craigslist.org/for/d/holton-autumn-beauty-sale/7666223342.html
141,New Batch of Lawn Mowers for Sale,$0,https://topeka.craigslist.org/for/d/topeka-new-batch-of-lawn-mowers-for-sale/7655798432.html
142,Steel Buildings,$0,https://topeka.craigslist.org/fod/d/topeka-steel-buildings/7665890734.html
143,Krupps Waffle maker,$40,https://topeka.craigslist.org/for/d/topeka-krupps-waffle-maker/7665729206.html
144,Table top grill,$10,https://topeka.craigslist.org/for/d/topeka-table-top-grill/7665710305.html
145,Edificios de acero,$0,https://topeka.craigslist.org/fod/d/topeka-edificios-de-acero/7665601067.html
146,"Old Glass Window, Antique, Decor",$75,https://topeka.craigslist.org/for/d/sabetha-old-glass-window-antique-decor/7665537533.html
147,Husqvarva z246,"$2,250",https://topeka.craigslist.org/for/d/burlington-husqvarva-z246/7665429198.html
148,10 gallon fish tank with everything,$40,https://topeka.craigslist.org/for/d/topeka-10-gallon-fish-tank-with/7665369692.html
149,Storage Shipping Containers For Sale- CALL USA CONTAINERS TODAY,$0,https://topeka.craigslist.org/fod/d/topeka-storage-shipping-containers-for/7665066183.html
150,Lemax Dickensvale Lighted Houses Christmas Village,$30,https://topeka.craigslist.org/for/d/topeka-lemax-dickensvale-lighted-houses/7664973259.html
151,Vintage pendulum clock with etched-glass door,$75,https://topeka.craigslist.org/for/d/topeka-vintage-pendulum-clock-with/7654707957.html
152,Vintage mirror with decorative frame,$50,https://topeka.craigslist.org/for/d/topeka-vintage-mirror-with-decorative/7654725458.html
153,2003 Dodge Ram 2500,"$11,000",https://topeka.craigslist.org/for/d/horton-2003-dodge-ram-2500/7664871769.html
154,THE NORTH FACE Hammerhead Flight Series hydration pack w/bladder,$50,https://topeka.craigslist.org/for/d/lawrence-the-north-face-hammerhead/7654103762.html
155,Ultimate Direction Wasp hydration vest/pack w/bladder hike/ultra race,$25,https://topeka.craigslist.org/for/d/lawrence-ultimate-direction-wasp/7654096309.html
156,Ultimate Direction Anton Krupicka race vest M/L w/2 new 20oz. bottles,$20,https://topeka.craigslist.org/for/d/lawrence-ultimate-direction-anton/7654085569.html
157,24 Metal Door Handles,$18,https://topeka.craigslist.org/for/d/topeka-24-metal-door-handles/7664741355.html
158,Margarita Mixes,$25,https://topeka.craigslist.org/for/d/topeka-margarita-mixes/7654344242.html
159,FERRETS FOR SALE,$400,https://topeka.craigslist.org/for/d/topeka-ferrets-for-sale/7664610342.html
160,"Wilton 12 pc Monthly Metal Cookie Cutters, L.O.L Surprise, Party Suppl",$10,https://topeka.craigslist.org/for/d/topeka-wilton-12-pc-monthly-metal/7654348078.html
161,Used Oilfield Equyipment,"$10,000",https://topeka.craigslist.org/for/d/lawrence-used-oilfield-equyipment/7664503371.html
162,Selkirk 6‚Äù stovepipe ‚ÄúT‚Äù,$75,https://topeka.craigslist.org/for/d/overbrook-selkirk-stovepipe/7664456447.html
163,Pool 14 x48 ne this year,$250,https://topeka.craigslist.org/for/d/berryton-pool-14-x48-ne-this-year/7664443066.html
164,1989 Chevy Silverado K1500,"$15,000",https://topeka.craigslist.org/for/d/hoyt-1989-chevy-silverado-k1500/7664396412.html
165,clock,$65,https://topeka.craigslist.org/for/d/hoyt-clock/7664387786.html
166,Belgian Malinois,$0,https://topeka.craigslist.org/for/d/overbrook-belgian-malinois/7664346114.html
167,Great Condition Ti Lite Areo Z Wheelchair,$500,https://topeka.craigslist.org/for/d/topeka-great-condition-ti-lite-areo/7664326817.html
168,Proform SPX 500 indoor cycle,$100,https://topeka.craigslist.org/for/d/topeka-proform-spx-500-indoor-cycle/7664317443.html
169,Louis Vuitton (wallet),$60,https://topeka.craigslist.org/for/d/topeka-louis-vuitton-wallet/7664163156.html
170,Reliance Aqua-Tainer - 7 gal. water container,$8,https://topeka.craigslist.org/for/d/topeka-reliance-aqua-tainer-gal-water/7653062515.html
171,"AIRELAX Self Inflating Sleeping Pad for Camping, 3 Inches Foam Camping",$45,https://topeka.craigslist.org/for/d/topeka-airelax-self-inflating-sleeping/7653063534.html
172,10 Red Cherry Shrimp (Neocaridina),$15,https://topeka.craigslist.org/for/d/topeka-10-red-cherry-shrimp-neocaridina/7663823548.html
173,Vintage Marlboro sign,$125,https://topeka.craigslist.org/for/d/emporia-vintage-marlboro-sign/7663779108.html
174,40 gallon tank & accessories,$275,https://topeka.craigslist.org/for/d/topeka-40-gallon-tank-accessories/7663769786.html
175,Under The Sink Mat,$20,https://topeka.craigslist.org/for/d/topeka-under-the-sink-mat/7653864577.html
176,Genteq ECM Blower- fan Motors,$60,https://topeka.craigslist.org/for/d/eskridge-genteq-ecm-blower-fan-motors/7663618389.html
177,Diatomaceous Earth,$10,https://topeka.craigslist.org/for/d/eskridge-diatomaceous-earth/7663618339.html
178,3 ring hanging binders  29 total,$25,https://topeka.craigslist.org/for/d/tecumseh-ring-hanging-binders-29-total/7663579104.html
179,Tea machine / Dispenser 860,$50,https://topeka.craigslist.org/for/d/topeka-tea-machine-dispenser-860/7663543754.html
180,heavy steel fireplace insert,$65,https://topeka.craigslist.org/for/d/topeka-heavy-steel-fireplace-insert/7655660412.html
181,55 Gallon Metal Barrels,$20,https://topeka.craigslist.org/for/d/tecumseh-55-gallon-metal-barrels/7652973816.html
182,‚òÖ SALE ‚òÖ SHIPPING/STORAGE/CONNEX CONTAINERS ‚Äì 20FT & 40FT NEW &,"$1,850",https://topeka.craigslist.org/fod/d/sale-shipping-storage-connex-containers/7663296365.html
183,Storage Shipping Containers For Sale. GIVE USA CONTAINERS A CALL TODAY!,$0,https://topeka.craigslist.org/fod/d/topeka-storage-shipping-containers-for/7663272661.html
184,METAL BUILDINGS CARPORT RV COVER STEEL GARAGE POLE BARN METAL BUILDING,$0,https://topeka.craigslist.org/fod/d/topeka-metal-buildings-carport-rv-cover/7663100419.html
185,METAL BUILDINGS CARPORT RV COVER STEEL GARAGE POLE BARN METAL BUILDING,$0,https://topeka.craigslist.org/fod/d/topeka-metal-buildings-carport-rv-cover/7663100394.html
186,METAL BUILDINGS CARPORT RV COVER STEEL GARAGE POLE BARN METAL BUILDING,$0,https://topeka.craigslist.org/fod/d/topeka-metal-buildings-carport-rv-cover/7663100378.html
187,Authentic Pizza Oven,"$1,750",https://topeka.craigslist.org/fod/d/wakarusa-authentic-pizza-oven/7663078973.html
188,Vending Business Opportunity!!,$1,https://topeka.craigslist.org/fod/d/topeka-vending-business-opportunity/7662989161.html
189,Brand new 325 gallon hydroseeedr (warranty),"$4,750",https://topeka.craigslist.org/fod/d/topeka-brand-new-325-gallon-hydroseeedr/7662976938.html
190,2023 AGT 1 Ton Briggs & Stratton 13HP Mini Excavator Digger Kubota,"$7,499",https://topeka.craigslist.org/fod/d/chouteau-2023-agt-ton-briggs-stratton/7662952019.html
191,ferret cage,$75,https://topeka.craigslist.org/for/d/topeka-ferret-cage/7662722931.html
192,Four person Hot Tub,$450,https://topeka.craigslist.org/for/d/topeka-four-person-hot-tub/7662600407.html
193,Dog House,$100,https://topeka.craigslist.org/for/d/topeka-dog-house/7662598247.html
194,Storage Shipping Containers For Sale. GIVE USA CONTAINERS A CALL TODAY!,$0,https://topeka.craigslist.org/fod/d/topeka-storage-shipping-containers-for/7662523752.html
195,Canopy/sunshade NO frame,$20,https://topeka.craigslist.org/for/d/topeka-canopy-sunshade-no-frame/7656870611.html
196,2004 Ford E450 box truck 16 ft white,"$6,000",https://topeka.craigslist.org/for/d/fort-riley-2004-ford-e450-box-truck-16/7662367324.html
197,30x40x10‚ÄìPOLE BARN/Post Frame,"$18,500",https://topeka.craigslist.org/fod/d/nacogdoches-30x40x10pole-barn-post-frame/7662297043.html
198,"Fenton Opalescent Glass Basket , Egg & Rose Butterfly Bowl Dish",$35,https://topeka.craigslist.org/for/d/topeka-fenton-opalescent-glass-basket/7662114333.html
199,cat for adoption,$25,https://topeka.craigslist.org/for/d/topeka-cat-for-adoption/7662074500.html
200,Trax 6000 trailer mover,"$1,200",https://topeka.craigslist.org/for/d/topeka-trax-6000-trailer-mover/7656827215.html
201,Ratchet straps,$10,https://topeka.craigslist.org/for/d/topeka-ratchet-straps/7661989664.html
202,Spine display,$65,https://topeka.craigslist.org/for/d/topeka-spine-display/7661969509.html
203,Feet warmer,$25,https://topeka.craigslist.org/for/d/topeka-feet-warmer/7661941975.html
204,Shop light,$10,https://topeka.craigslist.org/for/d/topeka-shop-light/7661927138.html
205,Push mower,$65,https://topeka.craigslist.org/for/d/topeka-push-mower/7661916381.html
206,Shop light,$20,https://topeka.craigslist.org/for/d/topeka-shop-light/7661912689.html
207,Windows New,$30,https://topeka.craigslist.org/for/d/holton-windows-new/7661561109.html
208,Great condition Mini Educator Dog Ecollar,$110,https://topeka.craigslist.org/for/d/topeka-great-condition-mini-educator/7661416406.html
209,"Pole Barns,Shops,Man Caves","$31,000",https://topeka.craigslist.org/fod/d/wakarusa-pole-barnsshopsman-caves/7661307611.html
210,Steel Buildings,$0,https://topeka.craigslist.org/fod/d/topeka-steel-buildings/7661301836.html
211,(2) Sawtooth Picture Hangers - 100 Pack - $20,$20,https://topeka.craigslist.org/for/d/topeka-sawtooth-picture-hangers-pack-20/7650888828.html
212,How Can You Or Sell The Earth Letter of Indian Chief Seattle Picture,$30,https://topeka.craigslist.org/for/d/topeka-how-can-you-or-sell-the-earth/7661200868.html
213,Ace Stainless Steel 4-Pin Cylinder Shrouded Padlock,$8,https://topeka.craigslist.org/for/d/topeka-ace-stainless-steel-pin-cylinder/7650735709.html
214,Columbian patternless rainbow boa,$350,https://topeka.craigslist.org/for/d/topeka-columbian-patternless-rainbow-boa/7661101921.html
215,"Pancake Holsters Magnolia Ark, 2.5 Medium Revolver Rev Gun Holster",$30,https://topeka.craigslist.org/for/d/topeka-pancake-holsters-magnolia-ark-25/7661057111.html
216,√∞¬°√∞¬°√∞¬°√∞¬°√∞¬° Custom Built Tiny Home for Sale√∞¬°√∞¬°√∞¬°√∞¬°√∞,$1,https://topeka.craigslist.org/fod/d/custom-built-tiny-home-for-sale/7661029008.html
217,Western books,$0,https://topeka.craigslist.org/for/d/topeka-western-books/7652807735.html
218,Yard art - musical frogs,$20,https://topeka.craigslist.org/for/d/topeka-yard-art-musical-frogs/7655394721.html
219,Heavy metal plated table top. no legs. 30obo,$30,https://topeka.craigslist.org/for/d/topeka-heavy-metal-plated-table-top-no/7660485713.html
220,3/4 HP Baldor Electric Motor,$80,https://topeka.craigslist.org/for/d/eskridge-4-hp-baldor-electric-motor/7660427945.html
221,Table top electric smoker,$75,https://topeka.craigslist.org/for/d/tecumseh-table-top-electric-smoker/7660381863.html
222,Sit to stand lift,$600,https://topeka.craigslist.org/for/d/topeka-sit-to-stand-lift/7660322292.html
223,Storage Shipping Containers For Sale! CALL US TODAY!,$0,https://topeka.craigslist.org/fod/d/topeka-storage-shipping-containers-for/7660212289.html
224,Firewood,$150,https://topeka.craigslist.org/for/d/blue-springs-firewood/7660200477.html
225,LIGHTED COORS LIGHT SIGN,$150,https://topeka.craigslist.org/for/d/topeka-lighted-coors-light-sign/7651489407.html
226,ICE CREAM PARLOR SET,$100,https://topeka.craigslist.org/for/d/topeka-ice-cream-parlor-set/7653716965.html
227,Jenn-Air. Grill,$60,https://topeka.craigslist.org/for/d/topeka-jenn-air-grill/7659841792.html
228,new 30 gallon electric water heater shortly,$300,https://topeka.craigslist.org/for/d/berryton-new-30-gallon-electric-water/7654141176.html
229,Wire welder with cart,$150,https://topeka.craigslist.org/for/d/highland-wire-welder-with-cart/7651298543.html
230,Closet doors,$25,https://topeka.craigslist.org/for/d/denison-closet-doors/7659309737.html
231,"Dyna-Glo Black 10,000 BTUs Indoor Kerosene Radiant Heater RMC-55R7B",$120,https://topeka.craigslist.org/for/d/topeka-dyna-glo-black-btus-indoor/7659144955.html
232,Car audio,$500,https://topeka.craigslist.org/for/d/topeka-car-audio/7658835868.html
233,Aquarium with base and two filters,$100,https://topeka.craigslist.org/for/d/topeka-aquarium-with-base-and-two/7658835234.html
234,"Corny kegs, ball lock",$45,https://topeka.craigslist.org/for/d/saint-marys-corny-kegs-ball-lock/7658210057.html
235,Carpet new,$1,https://topeka.craigslist.org/for/d/topeka-carpet-new/7658180108.html
236,New Batch of Lawn Mowers for Sale,$0,https://topeka.craigslist.org/for/d/topeka-new-batch-of-lawn-mowers-for-sale/7655800978.html
237,MISC light switches and electrical outlets ($300+ value),$80,https://topeka.craigslist.org/for/d/dover-misc-light-switches-and/7657649122.html
238,DeWalt jump box 1400 amp/120psi compressor/work light,$100,https://topeka.craigslist.org/for/d/topeka-dewalt-jump-box-1400-amp-120psi/7657621590.html
239,Cement Color Tint (12 bottles),$50,https://topeka.craigslist.org/for/d/topeka-cement-color-tint-12-bottles/7652538166.html
240,Camper Vent Replacement Cover,$10,https://topeka.craigslist.org/for/d/topeka-camper-vent-replacement-cover/7652540907.html
241,55 gallon fish tank  with fish,$0,https://topeka.craigslist.org/for/d/scranton-55-gallon-fish-tank-with-fish/7657439841.html
242,Freestanding Toilet  Rails,$30,https://topeka.craigslist.org/for/d/topeka-freestanding-toilet-rails/7646980682.html
243,Moving Sale 66614,$0,https://topeka.craigslist.org/for/d/topeka-moving-sale-66614/7656426791.html
244,Fujifilm Finepix XP75 - $70 OBO,$70,https://topeka.craigslist.org/for/d/topeka-fujifilm-finepix-xp-obo/7647553871.html
245,Frigidaire Dehumidifier Large Size,$85,https://topeka.craigslist.org/for/d/topeka-frigidaire-dehumidifier-large/7656959498.html
246,Beautiful older motor home,"$26,500",https://topeka.craigslist.org/for/d/melvern-beautiful-older-motor-home/7656900806.html
247,Ladders 6ft 8ft 16ft 20ft 24ft 28ft,$0,https://topeka.craigslist.org/for/d/topeka-ladders-6ft-8ft-16ft-20ft-24ft/7656864780.html
248,225/45/17 kumho tires,$60,https://topeka.craigslist.org/for/d/topeka-kumho-tires/7656813673.html
249,Cat's Meow Village,$60,https://topeka.craigslist.org/for/d/tecumseh-cats-meow-village/7656738447.html
250,Weber Gas Grill,$200,https://topeka.craigslist.org/for/d/topeka-weber-gas-grill/7656665285.html
251,Ashley Fireplace Wood Insert,"$1,000",https://topeka.craigslist.org/for/d/topeka-ashley-fireplace-wood-insert/7656583165.html
252,CNC Wood Router - KL733,"$3,600",https://topeka.craigslist.org/for/d/topeka-cnc-wood-router-kl733/7656580432.html
253,ac line line kits 50 foot 175.00 each,$175,https://topeka.craigslist.org/for/d/berryton-ac-line-line-kits-50-foot-each/7654666453.html
254,Hot Water Circ. Electric Motor,$80,https://topeka.craigslist.org/for/d/eskridge-hot-water-circ-electric-motor/7656430256.html
255,Oil Burner Electric Motor,$50,https://topeka.craigslist.org/for/d/eskridge-oil-burner-electric-motor/7656430190.html
256,"10"" Duct Fan electric motor",$50,https://topeka.craigslist.org/for/d/eskridge-10-duct-fan-electric-motor/7656430156.html
257,Large squirrel cage blower & Electric Motor,$50,https://topeka.craigslist.org/for/d/eskridge-large-squirrel-cage-blower/7656428837.html
258,1/2 HP 1725 RPM GE Electric Motor,$35,https://topeka.craigslist.org/for/d/eskridge-2-hp-1725-rpm-ge-electric-motor/7656428314.html
259,Pedestal sump pump electric motor,$25,https://topeka.craigslist.org/for/d/eskridge-pedestal-sump-pump-electric/7656428250.html
260,Condenser or Furnace Electric Motor,$30,https://topeka.craigslist.org/for/d/eskridge-condenser-or-furnace-electric/7656427988.html
261,Industrial Electric Motors,$0,https://topeka.craigslist.org/for/d/eskridge-industrial-electric-motors/7656427920.html
262,U.S. 1/3 HP Electric Motor,$50,https://topeka.craigslist.org/for/d/eskridge-us-3-hp-electric-motor/7656427880.html
263,Air Compressor Electric Motor,$40,https://topeka.craigslist.org/for/d/eskridge-air-compressor-electric-motor/7656427286.html
264,New Water pump electric motor,$80,https://topeka.craigslist.org/for/d/eskridge-new-water-pump-electric-motor/7656427234.html
265,HVAC Electric Motor,$60,https://topeka.craigslist.org/for/d/eskridge-hvac-electric-motor/7656427090.html
266,Hot water recirculating pump,$80,https://topeka.craigslist.org/for/d/eskridge-hot-water-recirculating-pump/7656427002.html
267,Beatles. movie lobby cards,"$2,500",https://topeka.craigslist.org/for/d/emporia-beatles-movie-lobby-cards/7645235044.html
268,Holy Stone GPS Drone w/ 4K Camera HS175D,$150,https://topeka.craigslist.org/for/d/melvern-holy-stone-gps-drone-4k-camera/7656148948.html
269,Holy Stone GPS Drone for Adults with Rock Steady Camera 4K Photo 2-axi,$210,https://topeka.craigslist.org/for/d/melvern-holy-stone-gps-drone-for-adults/7656147746.html
270,For sale,$1,https://topeka.craigslist.org/for/d/topeka-for-sale/7656145337.html
271,Pool Handrail - New - 2 total,$500,https://topeka.craigslist.org/for/d/lyndon-pool-handrail-new-total/7656090925.html
272,Computer Desks,$75,https://topeka.craigslist.org/for/d/topeka-computer-desks/7648935941.html
273,"1 36"" Bi-Fold Door",$30,https://topeka.craigslist.org/for/d/dover-36-bi-fold-door/7655839501.html
274,3 Folding Patio Chairs,$5,https://topeka.craigslist.org/for/d/topeka-folding-patio-chairs/7655787052.html
275,2 Floor Lamps,$7,https://topeka.craigslist.org/for/d/topeka-floor-lamps/7655786322.html
276,Slot machine,$300,https://topeka.craigslist.org/for/d/topeka-slot-machine/7652168284.html
277,Schwinn Airdyne,$250,https://topeka.craigslist.org/for/d/berryton-schwinn-airdyne/7655463600.html
278,Porta Potty/Porta Privy Combo,$80,https://topeka.craigslist.org/for/d/topeka-porta-potty-porta-privy-combo/7655350160.html
279,Everything Must Go.,$0,https://topeka.craigslist.org/for/d/topeka-everything-must-go/7654920180.html
280,Casio Tax & Exchange  Calculator,$20,https://topeka.craigslist.org/for/d/topeka-casio-tax-exchange-calculator/7644007118.html
281,Brand new in the box barrel grill,$100,https://topeka.craigslist.org/for/d/topeka-brand-new-in-the-box-barrel-grill/7654800043.html
282,Log splitter,$125,https://topeka.craigslist.org/for/d/topeka-log-splitter/7654798729.html
283,stereo amp 300 watt,$40,https://topeka.craigslist.org/for/d/topeka-stereo-amp-300-watt/7653270977.html
284,honda express parts for sale,$1,https://topeka.craigslist.org/for/d/topeka-honda-express-parts-for-sale/7649313013.html
